row_id,duration
0, 1815.0
1, 300.0
2, 2620.0
3, 360.0
4, 582.0
5, 165.0
6, 720.0
7, 726.0
8, 918.0
9, 840.0
10, 480.0
11, 240.0
13, 298.0
14, 1080.0
15, 1051.0
16, 720.0
18, 1257.0
19, 378.0
21, 480.0
22, 251.0
23, 336.0
24, 600.0
25, 720.0
26, 2003.0
27, 617.0
28, 463.0
29, 22.0
30, 684.0
31, 876.0
32, 40000.0
33, 691.0
34, 718.0
35, 169.0
37, 271.0
38, 500.0
39, 197.0
40, 780.0
41, 575.0
42, 783.0
43, 1080.0
44, 1943.0
45, 443.0
47, 960.0
49, 183.0
50, 1260.0
51, 960.0
52, 1236.0
53, 633.0
54, 360.0
55, 180.0
56, 754.0
57, 244.0
58, 660.0
59, 661.0
60, 409.0
61, 240.0
62, 240.0
63, 675.0
64, 180.0
65, 581.0
66, 240.0
67, 1092.0
68, 802.0
69, 380.0
70, 404.0
71, 429.0
72, 1237.0
73, 181.0
74, 420.0
76, 840.0
77, 264.0
78, 720.0
79, 1080.0
80, 600.0
81, 1440.0
82, 840.0
83, 360.0
84, 1427.0
86, 660.0
87, 835.0
88, 171.0
89, 901.0
90, 357.0
91, 960.0
92, 630.0
93, 1140.0
94, 851.0
95, 822.0
96, 780.0
97, 946.0
98, 3448.0
99, 790.0
100, 1307.0
101, 870.0
102, 748.0
103, 853.0
104, 752.0
105, 630.0
106, 734.0
107, 690.0
108, 720.0
109, 955.0
110, 522.0
111, 1860.0
112, 428.0
113, 522.0
114, 324.0
115, 181.0
116, 540.0
118, 1413.0
119, 1454.0
120, 1360.0
121, 420.0
122, 384.0
123, 559.0
124, 387.0
125, 720.0
126, 420.0
127, 1176.0
128, 1009.0
129, 2280.0
130, 242.0
131, 342.0
132, 462.0
133, 480.0
134, 540.0
135, 300.0
136, 1618.0
137, 181.0
138, 360.0
139, 2160.0
140, 420.0
141, 1953.0
142, 413.0
143, 451.0
144, 290.0
145, 720.0
146, 1827.0
147, 240.0
148, 852.0
149, 427.0
150, 65.0
151, 190.0
152, 572.0
153, 636.0
154, 1962.0
155, 480.0
156, 660.0
157, 420.0
158, 169.0
159, 1123.0
160, 776.0
161, 756.0
162, 40000.0
163, 300.0
164, 952.0
165, 737.0
166, 1729.0
167, 502.0
168, 385.0
169, 800.0
170, 658.0
171, 868.0
172, 560.0
173, 754.0
174, 840.0
175, 1131.0
176, 895.0
177, 1254.0
178, 259.0
179, 300.0
180, 960.0
181, 1380.0
182, 1068.0
183, 1873.0
184, 240.0
185, 156.0
186, 389.0
187, 657.0
188, 387.0
189, 4043.0
190, 360.0
191, 40000.0
192, 300.0
193, 653.0
194, 338.0
195, 748.0
196, 719.0
197, 960.0
199, 549.0
200, 768.0
201, 1109.0
202, 298.0
203, 595.0
204, 240.0
205, 720.0
206, 960.0
207, 1823.0
208, 2115.0
209, 720.0
210, 555.0
211, 308.0
212, 638.0
213, 720.0
214, 797.0
215, 583.0
216, 360.0
218, 3864.0
219, 218.0
220, 600.0
221, 1100.0
222, 356.0
223, 1538.0
224, 361.0
225, 77.0
226, 420.0
227, 3777.0
228, 300.0
229, 443.0
230, 1685.0
231, 288.0
232, 590.0
233, 900.0
234, 481.0
235, 240.0
236, 930.0
237, 330.0
238, 4.0
239, 420.0
240, 491.0
241, 459.0
242, 1963.0
243, 240.0
244, 227.0
245, 465.0
247, 120.0
248, 480.0
249, 180.0
250, 1276.0
251, 1380.0
252, 613.0
253, 1911.0
254, 239.0
255, 1208.0
256, 1327.0
257, 621.0
258, 89.0
260, 138.0
261, 2177.0
262, 420.0
263, 780.0
264, 1140.0
265, 1306.0
266, 1146.0
267, 1972.0
268, 277.0
269, 600.0
270, 399.0
271, 1424.0
272, 393.0
273, 304.0
274, 180.0
275, 1276.0
276, 777.0
277, 1020.0
278, 780.0
279, 970.0
280, 240.0
281, 240.0
282, 360.0
283, 819.0
284, 1616.0
285, 244.0
286, 585.0
287, 1429.0
288, 303.0
289, 480.0
290, 600.0
291, 844.0
292, 337.0
293, 290.0
294, 1385.0
295, 747.0
296, 422.0
297, 258.0
298, 1112.0
299, 1980.0
300, 568.0
301, 742.0
302, 660.0
303, 935.0
304, 1138.0
305, 2946.0
306, 166.0
307, 456.0
308, 540.0
309, 1080.0
310, 814.0
311, 960.0
312, 1960.0
313, 1440.0
314, 513.0
315, 562.0
316, 1500.0
317, 1200.0
318, 1148.0
319, 480.0
320, 1097.0
321, 780.0
322, 1556.0
323, 240.0
324, 301.0
325, 198.0
326, 850.0
327, 240.0
328, 1110.0
329, 3645.0
330, 687.0
331, 600.0
332, 40000.0
334, 330.0
335, 268.0
336, 1177.0
337, 934.0
338, 2311.0
339, 630.0
340, 389.0
342, 484.0
343, 1870.0
344, 174.0
345, 790.0
346, 993.0
347, 1492.0
348, 540.0
349, 40000.0
350, 662.0
351, 840.0
352, 639.0
353, 1507.0
354, 360.0
355, 363.0
356, 540.0
357, 1115.0
358, 2183.0
359, 2446.0
360, 129.0
361, 608.0
362, 1663.0
363, 1260.0
364, 600.0
365, 258.0
366, 600.0
367, 1581.0
368, 874.0
369, 601.0
370, 645.0
371, 387.0
373, 480.0
374, 929.0
375, 240.0
376, 840.0
377, 410.0
378, 483.0
379, 300.0
380, 643.0
381, 365.0
382, 2181.0
383, 794.0
384, 600.0
385, 300.0
386, 204.0
387, 480.0
388, 1733.0
389, 706.0
390, 360.0
391, 254.0
392, 172.0
393, 379.0
394, 953.0
395, 180.0
396, 300.0
397, 635.0
398, 695.0
399, 977.0
400, 315.0
401, 986.0
402, 612.0
403, 540.0
404, 237.0
405, 720.0
406, 463.0
407, 240.0
408, 240.0
409, 527.0
410, 480.0
411, 167.0
412, 231.0
413, 145.0
414, 2898.0
415, 540.0
416, 600.0
417, 720.0
418, 1168.0
419, 553.0
420, 510.0
421, 720.0
422, 665.0
423, 1670.0
424, 6829.0
425, 1211.0
426, 600.0
427, 411.0
428, 737.0
429, 1393.0
430, 420.0
431, 480.0
432, 360.0
433, 780.0
434, 300.0
435, 1080.0
436, 480.0
437, 287.0
438, 1801.0
439, 450.0
440, 240.0
442, 407.0
443, 454.0
444, 780.0
445, 360.0
446, 166.0
447, 509.0
448, 120.0
449, 1315.0
450, 647.0
451, 216.0
452, 40000.0
453, 1782.0
454, 1560.0
456, 222.0
457, 600.0
458, 360.0
459, 396.0
460, 1419.0
461, 1247.0
462, 540.0
463, 581.0
464, 1380.0
465, 814.0
466, 1293.0
467, 1229.0
468, 900.0
469, 180.0
470, 1140.0
471, 600.0
472, 600.0
473, 330.0
474, 660.0
475, 388.0
476, 202.0
477, 541.0
478, 360.0
479, 599.0
480, 840.0
481, 240.0
482, 1689.0
483, 973.0
484, 660.0
485, 360.0
486, 440.0
487, 283.0
488, 191.0
489, 778.0
490, 2715.0
491, 240.0
492, 308.0
493, 240.0
494, 532.0
495, 811.0
496, 485.0
497, 1255.0
498, 1261.0
499, 600.0
500, 540.0
501, 712.0
502, 829.0
503, 720.0
504, 326.0
505, 832.0
506, 573.0
507, 1620.0
508, 121.0
509, 1750.0
510, 328.0
511, 1399.0
512, 133.0
513, 442.0
514, 712.0
515, 638.0
516, 4053.0
517, 1080.0
518, 488.0
519, 720.0
520, 660.0
521, 912.0
522, 733.0
523, 518.0
524, 1092.0
525, 406.0
526, 353.0
527, 378.0
528, 200.0
530, 1743.0
531, 771.0
532, 1703.0
533, 480.0
534, 3623.0
535, 1648.0
536, 420.0
537, 1491.0
538, 360.0
539, 309.0
540, 360.0
541, 384.0
542, 40000.0
543, 3646.0
544, 2182.0
545, 877.0
546, 1059.0
547, 409.0
548, 1131.0
549, 491.0
550, 919.0
551, 802.0
552, 878.0
553, 745.0
554, 799.0
555, 1140.0
556, 620.0
557, 297.0
558, 757.0
559, 300.0
560, 3107.0
561, 791.0
562, 708.0
563, 2400.0
564, 404.0
565, 169.0
566, 180.0
567, 442.0
568, 1027.0
570, 420.0
571, 1807.0
572, 667.0
573, 540.0
574, 678.0
575, 960.0
576, 562.0
577, 1680.0
578, 2610.0
579, 840.0
580, 682.0
581, 600.0
582, 1080.0
583, 600.0
584, 1234.0
585, 660.0
586, 664.0
587, 240.0
588, 575.0
589, 502.0
590, 480.0
591, 567.0
592, 40000.0
593, 705.0
594, 300.0
595, 1607.0
596, 538.0
597, 180.0
598, 152.0
599, 968.0
600, 163.0
601, 365.0
602, 803.0
603, 850.0
604, 1172.0
605, 202.0
607, 521.0
608, 1684.0
609, 540.0
610, 217.0
611, 257.0
612, 103.0
613, 937.0
614, 922.0
616, 1592.0
617, 151.0
618, 991.0
619, 1645.0
620, 541.0
621, 392.0
622, 225.0
623, 420.0
624, 786.0
625, 1193.0
626, 600.0
627, 240.0
628, 793.0
629, 2271.0
630, 391.0
631, 720.0
632, 1109.0
633, 650.0
634, 497.0
635, 756.0
636, 637.0
637, 331.0
638, 933.0
639, 1537.0
640, 180.0
642, 518.0
643, 540.0
644, 1292.0
645, 299.0
646, 420.0
647, 859.0
648, 900.0
649, 438.0
650, 480.0
651, 335.0
652, 918.0
653, 660.0
654, 288.0
655, 540.0
656, 900.0
657, 544.0
658, 473.0
659, 217.0
660, 536.0
661, 660.0
662, 1313.0
663, 671.0
664, 282.0
665, 290.0
666, 2941.0
667, 810.0
668, 98.0
669, 734.0
670, 687.0
671, 819.0
672, 669.0
673, 840.0
674, 457.0
675, 780.0
676, 326.0
677, 573.0
678, 1146.0
679, 755.0
680, 304.0
681, 651.0
683, 660.0
684, 1301.0
685, 1830.0
686, 348.0
687, 600.0
688, 496.0
689, 1015.0
690, 1052.0
691, 507.0
692, 1020.0
693, 780.0
694, 900.0
695, 1200.0
696, 774.0
697, 1579.0
698, 540.0
699, 829.0
700, 708.0
701, 429.0
702, 776.0
703, 3307.0
704, 300.0
705, 2263.0
706, 410.0
707, 764.0
708, 197.0
709, 595.0
710, 291.0
711, 1020.0
712, 300.0
713, 215.0
714, 381.0
715, 1260.0
716, 209.0
717, 480.0
718, 518.0
719, 3166.0
720, 540.0
721, 418.0
722, 1056.0
723, 774.0
724, 1800.0
725, 1260.0
726, 360.0
727, 102.0
728, 1064.0
729, 482.0
730, 829.0
731, 241.0
732, 1390.0
733, 600.0
734, 726.0
735, 786.0
736, 1057.0
737, 480.0
738, 531.0
739, 308.0
740, 453.0
741, 799.0
742, 323.0
743, 780.0
744, 541.0
745, 1320.0
746, 1553.0
747, 565.0
748, 20.0
749, 1102.0
750, 960.0
751, 900.0
753, 747.0
754, 574.0
755, 1495.0
756, 775.0
757, 1127.0
758, 555.0
759, 734.0
760, 1620.0
761, 300.0
762, 142.0
763, 981.0
764, 451.0
765, 411.0
766, 2858.0
767, 185.0
768, 57.0
769, 864.0
770, 1654.0
771, 717.0
772, 626.0
773, 1413.0
774, 1260.0
776, 697.0
777, 360.0
779, 1997.0
780, 352.0
781, 1323.0
782, 300.0
783, 502.0
784, 883.0
785, 1269.0
786, 3072.0
787, 518.0
788, 2856.0
789, 721.0
790, 355.0
791, 180.0
792, 796.0
793, 1020.0
794, 1209.0
795, 40000.0
796, 180.0
797, 1080.0
798, 1051.0
799, 780.0
800, 294.0
801, 1399.0
803, 268.0
804, 467.0
805, 180.0
806, 1282.0
807, 935.0
809, 360.0
810, 455.0
812, 502.0
813, 736.0
815, 2507.0
817, 1020.0
818, 2798.0
819, 657.0
820, 415.0
821, 540.0
822, 415.0
823, 622.0
824, 155.0
825, 2771.0
826, 545.0
827, 225.0
828, 279.0
829, 624.0
830, 928.0
831, 636.0
832, 489.0
833, 871.0
834, 81.0
835, 585.0
836, 1259.0
837, 1851.0
838, 1440.0
839, 1020.0
840, 480.0
841, 1820.0
842, 317.0
843, 197.0
844, 651.0
845, 738.0
846, 748.0
847, 540.0
848, 361.0
849, 308.0
850, 300.0
851, 240.0
852, 109.0
853, 598.0
854, 697.0
855, 600.0
856, 600.0
857, 2005.0
858, 780.0
859, 801.0
860, 1638.0
861, 660.0
862, 446.0
863, 257.0
864, 243.0
865, 744.0
866, 1372.0
867, 120.0
868, 201.0
869, 1072.0
870, 1140.0
871, 1175.0
872, 1500.0
873, 660.0
874, 474.0
875, 850.0
876, 304.0
877, 483.0
878, 1009.0
879, 900.0
880, 1500.0
881, 577.0
882, 1000.0
883, 840.0
884, 240.0
885, 319.0
886, 530.0
887, 486.0
888, 360.0
889, 360.0
890, 501.0
891, 600.0
892, 1380.0
893, 551.0
894, 660.0
895, 840.0
896, 780.0
897, 631.0
898, 704.0
899, 290.0
900, 747.0
901, 1198.0
902, 185.0
903, 838.0
904, 438.0
905, 272.0
906, 484.0
908, 582.0
909, 380.0
910, 674.0
911, 1920.0
912, 1444.0
913, 351.0
914, 564.0
915, 420.0
916, 1132.0
918, 420.0
919, 319.0
920, 507.0
921, 866.0
922, 745.0
923, 1787.0
924, 420.0
925, 2117.0
926, 233.0
927, 906.0
928, 720.0
929, 600.0
930, 408.0
931, 320.0
932, 480.0
933, 600.0
935, 720.0
936, 562.0
937, 180.0
938, 660.0
939, 940.0
940, 360.0
941, 1025.0
942, 840.0
943, 240.0
944, 300.0
945, 614.0
946, 360.0
947, 404.0
948, 417.0
949, 1115.0
950, 480.0
951, 1253.0
952, 1315.0
953, 492.0
954, 668.0
955, 360.0
956, 300.0
957, 195.0
958, 1200.0
959, 1200.0
960, 848.0
961, 420.0
962, 618.0
963, 147.0
964, 420.0
965, 900.0
966, 227.0
967, 240.0
968, 360.0
969, 324.0
970, 212.0
971, 1536.0
972, 600.0
973, 420.0
974, 439.0
975, 540.0
976, 508.0
977, 1020.0
978, 1634.0
979, 1069.0
980, 3965.0
981, 480.0
982, 841.0
984, 2616.0
985, 156.0
986, 915.0
987, 1020.0
988, 300.0
989, 194.0
990, 403.0
991, 430.0
992, 695.0
993, 574.0
994, 976.0
996, 285.0
997, 730.0
998, 1339.0
999, 507.0
1000, 429.0
1001, 300.0
1002, 660.0
1003, 129.0
1004, 299.0
1005, 660.0
1006, 208.0
1007, 629.0
1008, 1217.0
1009, 660.0
1010, 591.0
1011, 720.0
1012, 1380.0
1013, 5350.0
1014, 352.0
1015, 480.0
1016, 1021.0
1017, 970.0
1018, 721.0
1019, 234.0
1020, 660.0
1021, 462.0
1022, 1356.0
1023, 250.0
1024, 667.0
1025, 769.0
1026, 828.0
1027, 1034.0
1029, 840.0
1030, 644.0
1031, 122.0
1032, 540.0
1033, 556.0
1034, 180.0
1035, 360.0
1036, 202.0
1037, 480.0
1038, 1285.0
1039, 823.0
1040, 893.0
1041, 846.0
1043, 1181.0
1044, 363.0
1045, 3219.0
1046, 377.0
1047, 2340.0
1048, 595.0
1049, 600.0
1050, 924.0
1051, 217.0
1052, 3148.0
1053, 850.0
1054, 624.0
1055, 725.0
1057, 600.0
1058, 323.0
1059, 1080.0
1060, 960.0
1061, 1380.0
1062, 414.0
1063, 380.0
1064, 599.0
1065, 1838.0
1066, 648.0
1067, 937.0
1068, 721.0
1069, 720.0
1070, 171.0
1071, 180.0
1072, 840.0
1073, 424.0
1074, 300.0
1075, 3007.0
1076, 180.0
1077, 770.0
1078, 950.0
1079, 1188.0
1080, 439.0
1081, 571.0
1082, 540.0
1083, 763.0
1084, 871.0
1085, 1773.0
1086, 379.0
1087, 600.0
1088, 588.0
1089, 600.0
1090, 637.0
1091, 480.0
1092, 663.0
1093, 2049.0
1094, 417.0
1095, 120.0
1096, 742.0
1097, 480.0
1098, 360.0
1099, 1860.0
1100, 660.0
1101, 540.0
1102, 669.0
1103, 420.0
1104, 340.0
1105, 633.0
1106, 196.0
1107, 979.0
1108, 442.0
1109, 407.0
1110, 950.0
1111, 600.0
1112, 420.0
1113, 405.0
1114, 197.0
1115, 1096.0
1116, 720.0
1117, 660.0
1118, 534.0
1119, 259.0
1120, 2149.0
1121, 780.0
1122, 512.0
1123, 1020.0
1124, 901.0
1125, 300.0
1126, 1106.0
1127, 240.0
1128, 360.0
1129, 300.0
1130, 844.0
1131, 158.0
1132, 539.0
1133, 395.0
1134, 40000.0
1136, 420.0
1137, 473.0
1138, 240.0
1139, 654.0
1140, 1260.0
1141, 420.0
1142, 943.0
1143, 331.0
1144, 543.0
1145, 240.0
1146, 420.0
1147, 382.0
1148, 364.0
1149, 360.0
1150, 524.0
1151, 600.0
1152, 232.0
1153, 660.0
1154, 1088.0
1155, 836.0
1156, 635.0
1157, 360.0
1158, 300.0
1159, 2459.0
1160, 560.0
1161, 293.0
1162, 1046.0
1163, 1680.0
1164, 858.0
1165, 819.0
1166, 240.0
1167, 445.0
1168, 900.0
1169, 540.0
1170, 300.0
1171, 480.0
1172, 370.0
1174, 1380.0
1175, 298.0
1176, 1455.0
1177, 5302.0
1178, 600.0
1179, 2086.0
1180, 376.0
1181, 874.0
1182, 857.0
1183, 292.0
1184, 2224.0
1185, 540.0
1186, 318.0
1187, 73.0
1188, 737.0
1189, 1213.0
1190, 2280.0
1191, 420.0
1192, 2892.0
1193, 487.0
1194, 2716.0
1195, 600.0
1196, 645.0
1197, 701.0
1198, 376.0
1199, 877.0
1200, 196.0
1201, 840.0
1202, 1020.0
1203, 830.0
1204, 720.0
1205, 799.0
1206, 342.0
1207, 880.0
1208, 300.0
1209, 1523.0
1210, 600.0
1211, 40000.0
1212, 1673.0
1213, 498.0
1214, 277.0
1215, 2583.0
1216, 587.0
1217, 377.0
1218, 1445.0
1219, 1268.0
1220, 240.0
1221, 1148.0
1222, 931.0
1223, 1885.0
1224, 159.0
1225, 342.0
1226, 1995.0
1227, 1189.0
1228, 600.0
1229, 2085.0
1230, 133.0
1231, 180.0
1232, 1321.0
1233, 618.0
1234, 2098.0
1235, 840.0
1236, 517.0
1237, 715.0
1238, 150.0
1239, 234.0
1240, 387.0
1241, 361.0
1242, 720.0
1243, 240.0
1244, 356.0
1245, 1056.0
1246, 231.0
1247, 235.0
1248, 460.0
1249, 437.0
1250, 480.0
1251, 1001.0
1252, 1500.0
1253, 915.0
1254, 776.0
1255, 461.0
1256, 1211.0
1257, 1444.0
1258, 720.0
1259, 63.0
1260, 228.0
1261, 465.0
1262, 360.0
1263, 480.0
1264, 1385.0
1265, 3900.0
1266, 284.0
1267, 734.0
1268, 836.0
1269, 420.0
1270, 792.0
1271, 795.0
1272, 530.0
1273, 1071.0
1274, 885.0
1275, 480.0
1276, 395.0
1277, 900.0
1278, 684.0
1279, 840.0
1280, 1370.0
1283, 2910.0
1284, 1631.0
1285, 2573.0
1286, 487.0
1287, 544.0
1288, 427.0
1289, 1214.0
1290, 180.0
1291, 390.0
1292, 1020.0
1293, 660.0
1294, 528.0
1295, 315.0
1296, 434.0
1297, 417.0
1298, 977.0
1299, 669.0
1300, 420.0
1301, 780.0
1302, 255.0
1303, 1263.0
1304, 1035.0
1305, 776.0
1306, 300.0
1307, 840.0
1308, 1000.0
1309, 1839.0
1310, 1248.0
1311, 722.0
1312, 915.0
1313, 480.0
1314, 514.0
1315, 780.0
1316, 1196.0
1317, 1320.0
1318, 619.0
1319, 933.0
1320, 360.0
1321, 1067.0
1322, 301.0
1323, 472.0
1324, 495.0
1325, 348.0
1326, 150.0
1327, 769.0
1328, 420.0
1329, 1441.0
1330, 1320.0
1331, 443.0
1332, 1793.0
1333, 1009.0
1334, 420.0
1335, 696.0
1336, 600.0
1337, 300.0
1338, 495.0
1339, 639.0
1341, 542.0
1342, 714.0
1343, 1234.0
1345, 360.0
1346, 817.0
1347, 451.0
1348, 230.0
1349, 900.0
1350, 2025.0
1351, 1560.0
1352, 1297.0
1353, 832.0
1354, 528.0
1355, 722.0
1356, 627.0
1357, 671.0
1358, 1140.0
1359, 537.0
1360, 360.0
1361, 480.0
1362, 316.0
1363, 368.0
1364, 180.0
1365, 1980.0
1366, 300.0
1367, 568.0
1368, 1694.0
1369, 647.0
1370, 474.0
1371, 1354.0
1372, 767.0
1373, 720.0
1375, 89.0
1376, 911.0
1377, 820.0
1378, 1051.0
1379, 2522.0
1380, 1301.0
1381, 217.0
1382, 600.0
1383, 1312.0
1384, 1123.0
1385, 172.0
1386, 40000.0
1387, 368.0
1388, 1629.0
1389, 1047.0
1390, 120.0
1391, 420.0
1392, 540.0
1393, 1477.0
1394, 1296.0
1395, 188.0
1396, 819.0
1397, 1019.0
1398, 1700.0
1399, 480.0
1400, 797.0
1401, 678.0
1402, 3095.0
1403, 473.0
1404, 327.0
1405, 125.0
1406, 847.0
1407, 718.0
1408, 1733.0
1409, 300.0
1410, 542.0
1412, 840.0
1413, 954.0
1414, 120.0
1415, 602.0
1416, 914.0
1417, 1150.0
1418, 480.0
1419, 438.0
1420, 55.0
1421, 822.0
1422, 480.0
1424, 816.0
1425, 420.0
1426, 589.0
1427, 240.0
1429, 636.0
1430, 900.0
1431, 1901.0
1432, 646.0
1433, 1279.0
1434, 538.0
1435, 761.0
1436, 420.0
1437, 834.0
1438, 405.0
1439, 240.0
1440, 660.0
1441, 206.0
1442, 332.0
1443, 578.0
1444, 641.0
1445, 300.0
1446, 480.0
1447, 646.0
1448, 420.0
1449, 869.0
1450, 1003.0
1451, 2016.0
1452, 182.0
1453, 300.0
1455, 163.0
1456, 1100.0
1457, 600.0
1458, 727.0
1459, 1061.0
1460, 430.0
1461, 312.0
1462, 1260.0
1463, 1020.0
1464, 40000.0
1465, 881.0
1466, 817.0
1467, 892.0
1468, 1150.0
1469, 761.0
1470, 114.0
1471, 716.0
1472, 1218.0
1473, 540.0
1474, 660.0
1475, 40000.0
1476, 1051.0
1477, 539.0
1478, 203.0
1479, 896.0
1481, 587.0
1482, 300.0
1483, 1455.0
1484, 311.0
1485, 1007.0
1486, 480.0
1487, 686.0
1488, 2146.0
1489, 2411.0
1490, 1031.0
1491, 169.0
1492, 795.0
1493, 949.0
1494, 471.0
1495, 841.0
1496, 465.0
1497, 262.0
1498, 120.0
1499, 560.0
1500, 1911.0
1501, 247.0
1502, 360.0
1503, 1380.0
1504, 480.0
1505, 760.0
1507, 720.0
1508, 879.0
1509, 800.0
1510, 718.0
1511, 498.0
1512, 840.0
1513, 699.0
1514, 540.0
1515, 370.0
1516, 900.0
1517, 401.0
1518, 1108.0
1519, 771.0
1520, 303.0
1521, 1200.0
1522, 1213.0
1523, 1054.0
1524, 1080.0
1526, 677.0
1527, 480.0
1528, 618.0
1529, 541.0
1530, 1453.0
1531, 300.0
1532, 716.0
1533, 840.0
1534, 832.0
1535, 360.0
1536, 857.0
1537, 1025.0
1538, 360.0
1539, 1188.0
1540, 466.0
1541, 780.0
1542, 277.0
1543, 967.0
1544, 120.0
1545, 957.0
1546, 660.0
1547, 2765.0
1548, 1409.0
1549, 403.0
1550, 1073.0
1551, 2479.0
1552, 779.0
1553, 624.0
1554, 979.0
1555, 763.0
1558, 240.0
1559, 3522.0
1560, 360.0
1561, 1047.0
1562, 1004.0
1563, 3052.0
1564, 2635.0
1565, 336.0
1566, 840.0
1567, 565.0
1568, 1922.0
1569, 720.0
1570, 177.0
1571, 1436.0
1572, 610.0
1573, 361.0
1574, 693.0
1575, 240.0
1576, 720.0
1577, 634.0
1578, 226.0
1579, 480.0
1580, 1422.0
1581, 794.0
1582, 423.0
1583, 765.0
1584, 360.0
1585, 184.0
1586, 1740.0
1587, 662.0
1588, 838.0
1589, 2340.0
1590, 1699.0
1591, 355.0
1592, 240.0
1593, 770.0
1594, 761.0
1595, 180.0
1596, 787.0
1597, 584.0
1598, 308.0
1599, 611.0
1600, 480.0
1601, 634.0
1602, 835.0
1603, 240.0
1604, 183.0
1605, 2101.0
1606, 1673.0
1607, 600.0
1608, 404.0
1609, 840.0
1610, 360.0
1611, 600.0
1612, 1092.0
1613, 1086.0
1614, 953.0
1615, 1020.0
1616, 216.0
1617, 1603.0
1618, 6.0
1619, 437.0
1620, 1439.0
1621, 1182.0
1622, 420.0
1623, 603.0
1624, 2154.0
1625, 541.0
1626, 3240.0
1627, 877.0
1628, 2100.0
1629, 873.0
1630, 464.0
1631, 900.0
1632, 40000.0
1633, 300.0
1634, 388.0
1635, 1835.0
1636, 692.0
1637, 435.0
1638, 564.0
1639, 814.0
1640, 840.0
1641, 240.0
1642, 900.0
1643, 1306.0
1644, 733.0
1645, 180.0
1646, 795.0
1647, 960.0
1648, 447.0
1649, 75.0
1650, 341.0
1651, 720.0
1652, 1488.0
1653, 211.0
1654, 331.0
1655, 209.0
1656, 240.0
1657, 1607.0
1658, 1260.0
1659, 1413.0
1660, 680.0
1661, 640.0
1662, 2868.0
1663, 480.0
1664, 304.0
1665, 1373.0
1666, 611.0
1667, 1133.0
1668, 973.0
1669, 600.0
1670, 792.0
1671, 854.0
1672, 1075.0
1673, 1078.0
1674, 540.0
1675, 1223.0
1676, 555.0
1677, 799.0
1678, 1067.0
1679, 529.0
1680, 568.0
1681, 1042.0
1682, 1728.0
1683, 360.0
1684, 540.0
1685, 1139.0
1686, 1412.0
1687, 1042.0
1688, 1154.0
1689, 342.0
1690, 2348.0
1691, 677.0
1692, 720.0
1693, 237.0
1694, 540.0
1695, 221.0
1696, 480.0
1697, 660.0
1698, 198.0
1699, 3358.0
1700, 833.0
1701, 1566.0
1702, 600.0
1703, 1105.0
1704, 480.0
1705, 404.0
1706, 241.0
1707, 569.0
1708, 1909.0
1709, 369.0
1710, 967.0
1711, 1140.0
1712, 1709.0
1713, 660.0
1714, 330.0
1715, 1014.0
1716, 2360.0
1717, 253.0
1718, 2524.0
1719, 1298.0
1720, 331.0
1721, 414.0
1722, 1130.0
1723, 496.0
1724, 360.0
1725, 479.0
1726, 580.0
1727, 263.0
1729, 420.0
1730, 1034.0
1731, 444.0
1732, 1793.0
1733, 1193.0
1734, 1380.0
1735, 40000.0
1736, 2505.0
1737, 324.0
1738, 947.0
1739, 540.0
1740, 718.0
1741, 600.0
1742, 1615.0
1743, 40000.0
1744, 300.0
1745, 305.0
1746, 297.0
1747, 293.0
1748, 359.0
1749, 360.0
1750, 360.0
1751, 665.0
1752, 660.0
1753, 672.0
1754, 374.0
1755, 1754.0
1756, 250.0
1757, 840.0
1758, 1010.0
1759, 360.0
1760, 652.0
1761, 420.0
1762, 593.0
1763, 58.0
1764, 2302.0
1765, 928.0
1766, 840.0
1767, 265.0
1768, 3435.0
1769, 593.0
1770, 240.0
1771, 1136.0
1772, 939.0
1773, 157.0
1774, 300.0
1775, 2659.0
1776, 689.0
1778, 549.0
1779, 546.0
1780, 1326.0
1781, 880.0
1782, 1315.0
1783, 540.0
1784, 480.0
1785, 951.0
1786, 441.0
1787, 595.0
1788, 252.0
1789, 300.0
1790, 1002.0
1791, 360.0
1792, 1142.0
1793, 1541.0
1794, 484.0
1795, 664.0
1796, 215.0
1797, 300.0
1798, 475.0
1799, 657.0
1800, 360.0
1801, 1754.0
1802, 600.0
1803, 660.0
1804, 1159.0
1805, 240.0
1806, 2160.0
1807, 1800.0
1808, 767.0
1809, 755.0
1811, 1357.0
1812, 420.0
1813, 672.0
1814, 1834.0
1815, 1184.0
1816, 1166.0
1817, 1268.0
1818, 914.0
1819, 1244.0
1820, 3490.0
1821, 838.0
1822, 1201.0
1823, 281.0
1824, 688.0
1825, 557.0
1826, 502.0
1828, 120.0
1829, 960.0
1830, 657.0
1831, 511.0
1832, 919.0
1833, 1168.0
1834, 407.0
1835, 912.0
1836, 1201.0
1837, 646.0
1838, 1035.0
1839, 602.0
1840, 1521.0
1841, 583.0
1842, 420.0
1843, 180.0
1844, 725.0
1845, 303.0
1846, 490.0
1847, 480.0
1848, 1380.0
1849, 109.0
1850, 719.0
1851, 313.0
1852, 240.0
1853, 77.0
1854, 180.0
1855, 347.0
1856, 180.0
1857, 357.0
1858, 539.0
1859, 480.0
1860, 82.0
1861, 1709.0
1862, 948.0
1863, 339.0
1864, 893.0
1865, 359.0
1866, 720.0
1867, 1200.0
1868, 320.0
1869, 652.0
1870, 427.0
1871, 300.0
1872, 947.0
1873, 84.0
1874, 780.0
1875, 1082.0
1876, 208.0
1877, 340.0
1878, 600.0
1879, 341.0
1880, 365.0
1881, 594.0
1882, 300.0
1883, 568.0
1884, 801.0
1885, 578.0
1886, 321.0
1887, 660.0
1888, 1324.0
1889, 1744.0
1890, 300.0
1891, 281.0
1892, 2859.0
1893, 1006.0
1894, 300.0
1895, 840.0
1896, 390.0
1897, 547.0
1898, 496.0
1899, 720.0
1900, 474.0
1901, 600.0
1902, 802.0
1903, 600.0
1904, 151.0
1905, 1591.0
1906, 387.0
1907, 553.0
1909, 196.0
1910, 2220.0
1911, 718.0
1912, 360.0
1913, 393.0
1914, 682.0
1916, 420.0
1917, 40000.0
1918, 925.0
1919, 466.0
1920, 201.0
1921, 855.0
1922, 150.0
1923, 1192.0
1924, 342.0
1925, 2027.0
1926, 594.0
1927, 299.0
1928, 300.0
1929, 761.0
1930, 720.0
1931, 547.0
1932, 232.0
1933, 803.0
1934, 2220.0
1935, 222.0
1936, 479.0
1937, 540.0
1938, 1260.0
1939, 600.0
1940, 172.0
1941, 654.0
1942, 193.0
1943, 1186.0
1944, 3240.0
1945, 420.0
1946, 1060.0
1947, 1215.0
1948, 472.0
1949, 1649.0
1950, 687.0
1951, 352.0
1952, 960.0
1953, 724.0
1954, 498.0
1955, 241.0
1956, 1623.0
1957, 1072.0
1959, 212.0
1960, 660.0
1961, 665.0
1962, 548.0
1963, 1457.0
1964, 486.0
1965, 360.0
1966, 701.0
1967, 356.0
1968, 166.0
1970, 127.0
1971, 515.0
1972, 432.0
1973, 658.0
1974, 180.0
1975, 1884.0
1976, 608.0
1977, 840.0
1978, 826.0
1979, 497.0
1980, 393.0
1982, 334.0
1983, 1614.0
1984, 930.0
1985, 1194.0
1986, 488.0
1987, 1080.0
1988, 240.0
1989, 982.0
1990, 217.0
1991, 2564.0
1992, 1974.0
1993, 1188.0
1995, 360.0
1996, 592.0
1997, 600.0
1998, 1165.0
1999, 690.0
2000, 158.0
2001, 865.0
2002, 240.0
2003, 583.0
2004, 258.0
2005, 1369.0
2006, 337.0
2007, 300.0
2008, 1628.0
2009, 519.0
2010, 1722.0
2011, 840.0
2012, 1131.0
2013, 336.0
2014, 420.0
2015, 300.0
2016, 600.0
2017, 216.0
2018, 40000.0
2019, 420.0
2020, 363.0
2021, 1766.0
2022, 996.0
2023, 413.0
2024, 120.0
2025, 1203.0
2027, 480.0
2028, 981.0
2029, 623.0
2030, 2167.0
2031, 1702.0
2032, 1110.0
2033, 482.0
2034, 568.0
2035, 420.0
2036, 1305.0
2037, 180.0
2038, 300.0
2040, 1680.0
2041, 360.0
2042, 444.0
2043, 300.0
2044, 750.0
2045, 311.0
2046, 40000.0
2047, 1698.0
2048, 180.0
2049, 1440.0
2050, 240.0
2051, 952.0
2052, 360.0
2053, 1156.0
2054, 360.0
2055, 1320.0
2056, 1935.0
2057, 780.0
2058, 548.0
2059, 714.0
2060, 308.0
2061, 382.0
2062, 543.0
2063, 1080.0
2064, 540.0
2065, 330.0
2066, 442.0
2067, 397.0
2068, 543.0
2069, 226.0
2070, 1496.0
2071, 1260.0
2072, 230.0
2073, 540.0
2074, 737.0
2075, 175.0
2076, 540.0
2077, 277.0
2078, 516.0
2079, 360.0
2080, 395.0
2081, 1333.0
2082, 1260.0
2083, 474.0
2084, 480.0
2085, 500.0
2086, 643.0
2087, 1070.0
2088, 900.0
2089, 677.0
2090, 1193.0
2091, 960.0
2092, 585.0
2093, 2730.0
2094, 890.0
2095, 540.0
2096, 1893.0
2097, 120.0
2098, 180.0
2099, 540.0
2100, 591.0
2101, 465.0
2102, 180.0
2103, 1569.0
2104, 1605.0
2105, 649.0
2106, 540.0
2107, 360.0
2108, 1800.0
2109, 472.0
2110, 240.0
2111, 781.0
2113, 240.0
2114, 732.0
2115, 169.0
2116, 240.0
2117, 1020.0
2118, 669.0
2119, 383.0
2120, 873.0
2121, 2026.0
2122, 710.0
2123, 1142.0
2124, 534.0
2125, 512.0
2126, 600.0
2127, 865.0
2128, 245.0
2129, 132.0
2130, 840.0
2131, 1168.0
2132, 907.0
2133, 1254.0
2134, 360.0
2135, 1260.0
2136, 552.0
2137, 40000.0
2138, 284.0
2139, 1707.0
2140, 960.0
2141, 1380.0
2142, 1202.0
2143, 555.0
2144, 1090.0
2145, 650.0
2146, 420.0
2147, 776.0
2149, 831.0
2150, 240.0
2151, 400.0
2152, 1524.0
2153, 50.0
2154, 695.0
2155, 540.0
2156, 360.0
2157, 697.0
2158, 142.0
2159, 416.0
2160, 834.0
2161, 1320.0
2162, 1277.0
2164, 954.0
2165, 600.0
2166, 832.0
2167, 800.0
2168, 412.0
2169, 453.0
2170, 233.0
2171, 840.0
2172, 120.0
2173, 1054.0
2175, 1240.0
2176, 1140.0
2177, 3780.0
2178, 720.0
2179, 474.0
2180, 854.0
2181, 1177.0
2182, 405.0
2183, 1020.0
2184, 334.0
2185, 1243.0
2186, 196.0
2187, 2040.0
2188, 836.0
2190, 360.0
2191, 240.0
2192, 240.0
2193, 730.0
2194, 599.0
2195, 884.0
2196, 292.0
2197, 345.0
2198, 597.0
2199, 320.0
2200, 410.0
2201, 1000.0
2202, 329.0
2203, 452.0
2204, 421.0
2205, 720.0
2206, 1380.0
2207, 2160.0
2208, 1249.0
2209, 342.0
2210, 427.0
2211, 805.0
2212, 419.0
2213, 600.0
2215, 1345.0
2216, 1260.0
2217, 36008.0
2218, 1020.0
2219, 1201.0
2220, 563.0
2221, 460.0
2222, 654.0
2223, 530.0
2224, 431.0
2225, 502.0
2226, 476.0
2227, 360.0
2229, 586.0
2230, 1860.0
2231, 2182.0
2232, 839.0
2233, 582.0
2234, 842.0
2235, 998.0
2236, 156.0
2237, 306.0
2238, 300.0
2239, 1553.0
2240, 578.0
2241, 808.0
2242, 1112.0
2243, 360.0
2244, 1109.0
2245, 1110.0
2246, 575.0
2247, 240.0
2248, 1320.0
2249, 1458.0
2250, 586.0
2251, 1387.0
2252, 481.0
2253, 515.0
2254, 420.0
2255, 900.0
2256, 726.0
2257, 436.0
2258, 360.0
2259, 300.0
2260, 1555.0
2261, 900.0
2262, 180.0
2263, 560.0
2264, 1252.0
2265, 1140.0
2266, 1525.0
2267, 327.0
2268, 1050.0
2269, 619.0
2270, 1759.0
2271, 360.0
2272, 994.0
2273, 441.0
2274, 1680.0
2275, 400.0
2276, 309.0
2277, 520.0
2278, 1618.0
2279, 240.0
2280, 929.0
2281, 297.0
2282, 180.0
2283, 389.0
2284, 1200.0
2285, 1018.0
2286, 830.0
2287, 1088.0
2288, 2340.0
2289, 686.0
2290, 840.0
2291, 1504.0
2292, 480.0
2293, 847.0
2294, 247.0
2295, 420.0
2296, 962.0
2297, 597.0
2298, 1271.0
2299, 600.0
2300, 214.0
2301, 526.0
2302, 180.0
2303, 668.0
2304, 1621.0
2305, 420.0
2306, 840.0
2307, 1085.0
2308, 1731.0
2309, 900.0
2310, 720.0
2311, 577.0
2312, 720.0
2313, 691.0
2314, 354.0
2315, 416.0
2316, 300.0
2317, 780.0
2318, 1200.0
2319, 840.0
2320, 552.0
2321, 1040.0
2322, 300.0
2323, 379.0
2324, 620.0
2325, 147.0
2326, 469.0
2327, 720.0
2328, 600.0
2329, 480.0
2331, 660.0
2332, 999.0
2333, 70.0
2334, 1300.0
2335, 480.0
2336, 447.0
2337, 654.0
2338, 371.0
2339, 405.0
2340, 872.0
2341, 325.0
2342, 875.0
2343, 543.0
2344, 252.0
2345, 360.0
2346, 420.0
2347, 453.0
2348, 480.0
2349, 180.0
2350, 840.0
2351, 1403.0
2352, 213.0
2353, 483.0
2354, 660.0
2355, 1020.0
2356, 1153.0
2357, 651.0
2358, 900.0
2359, 906.0
2360, 1120.0
2361, 507.0
2362, 605.0
2363, 283.0
2364, 420.0
2366, 300.0
2367, 970.0
2368, 300.0
2369, 420.0
2370, 540.0
2371, 1375.0
2372, 1262.0
2373, 360.0
2374, 986.0
2375, 1051.0
2376, 40000.0
2377, 687.0
2378, 785.0
2379, 673.0
2380, 542.0
2381, 309.0
2382, 739.0
2383, 496.0
2384, 264.0
2385, 720.0
2386, 277.0
2387, 928.0
2388, 960.0
2389, 180.0
2390, 1140.0
2391, 277.0
2392, 1200.0
2393, 224.0
2394, 960.0
2395, 464.0
2396, 540.0
2397, 180.0
2398, 288.0
2399, 410.0
2400, 300.0
2401, 1029.0
2402, 810.0
2403, 90.0
2404, 760.0
2405, 461.0
2406, 1464.0
2407, 240.0
2408, 213.0
2409, 291.0
2410, 258.0
2411, 1405.0
2412, 767.0
2413, 360.0
2414, 1140.0
2415, 276.0
2416, 610.0
2417, 211.0
2418, 431.0
2419, 480.0
2420, 360.0
2421, 316.0
2423, 226.0
2424, 377.0
2425, 368.0
2426, 240.0
2427, 2657.0
2428, 780.0
2429, 661.0
2430, 230.0
2431, 465.0
2432, 469.0
2433, 1105.0
2435, 1067.0
2436, 795.0
2438, 314.0
2439, 432.0
2440, 462.0
2441, 1021.0
2442, 720.0
2443, 196.0
2444, 2520.0
2445, 240.0
2446, 360.0
2447, 1922.0
2448, 2576.0
2449, 314.0
2450, 582.0
2452, 240.0
2453, 493.0
2454, 702.0
2456, 419.0
2458, 1141.0
2459, 660.0
2460, 477.0
2462, 1639.0
2463, 787.0
2465, 1655.0
2466, 1334.0
2467, 480.0
2468, 1255.0
2470, 627.0
2471, 338.0
2472, 360.0
2473, 689.0
2474, 2100.0
2475, 743.0
2476, 394.0
2477, 285.0
2478, 1123.0
2479, 1127.0
2480, 334.0
2481, 1500.0
2482, 751.0
2483, 773.0
2484, 2282.0
2485, 1140.0
2486, 361.0
2487, 996.0
2488, 840.0
2489, 204.0
2490, 670.0
2491, 1320.0
2492, 179.0
2493, 540.0
2494, 360.0
2495, 691.0
2496, 950.0
2497, 1260.0
2498, 907.0
2499, 96.0
2500, 391.0
2501, 999.0
2502, 121.0
2503, 1415.0
2504, 180.0
2505, 720.0
2506, 689.0
2507, 40000.0
2508, 420.0
2509, 774.0
2510, 419.0
2511, 360.0
2512, 140.0
2513, 1216.0
2514, 769.0
2516, 1159.0
2517, 1429.0
2518, 267.0
2519, 767.0
2520, 1021.0
2521, 938.0
2522, 540.0
2523, 1118.0
2524, 600.0
2525, 300.0
2526, 840.0
2527, 761.0
2528, 240.0
2529, 922.0
2530, 720.0
2531, 830.0
2532, 2444.0
2533, 132.0
2534, 181.0
2535, 651.0
2536, 581.0
2537, 416.0
2538, 40000.0
2539, 480.0
2540, 240.0
2541, 864.0
2542, 236.0
2543, 610.0
2544, 568.0
2545, 1375.0
2546, 393.0
2547, 180.0
2548, 1440.0
2550, 600.0
2551, 235.0
2552, 754.0
2553, 732.0
2554, 180.0
2555, 2036.0
2556, 1273.0
2557, 1123.0
2558, 1091.0
2559, 438.0
2560, 1320.0
2561, 242.0
2562, 4235.0
2563, 159.0
2564, 249.0
2565, 491.0
2566, 627.0
2567, 2556.0
2568, 1020.0
2569, 240.0
2570, 300.0
2571, 720.0
2573, 480.0
2574, 2040.0
2575, 126.0
2576, 360.0
2577, 482.0
2578, 424.0
2579, 696.0
2580, 1260.0
2581, 439.0
2582, 245.0
2583, 660.0
2584, 468.0
2585, 861.0
2587, 563.0
2588, 400.0
2589, 305.0
2590, 559.0
2591, 311.0
2592, 666.0
2593, 424.0
2594, 1122.0
2595, 2659.0
2596, 703.0
2597, 826.0
2598, 390.0
2599, 600.0
2600, 1228.0
2601, 720.0
2602, 470.0
2603, 529.0
2604, 803.0
2605, 1183.0
2606, 1141.0
2607, 413.0
2609, 1744.0
2610, 2460.0
2611, 600.0
2612, 2760.0
2613, 1182.0
2614, 720.0
2615, 387.0
2616, 1031.0
2617, 1249.0
2618, 384.0
2619, 480.0
2620, 296.0
2621, 604.0
2622, 786.0
2623, 616.0
2624, 1191.0
2625, 567.0
2626, 742.0
2627, 708.0
2628, 484.0
2629, 960.0
2630, 779.0
2631, 180.0
2632, 615.0
2633, 1011.0
2634, 252.0
2635, 647.0
2636, 1259.0
2637, 204.0
2638, 1543.0
2639, 132.0
2640, 180.0
2641, 758.0
2642, 268.0
2643, 2354.0
2644, 40000.0
2645, 372.0
2646, 271.0
2648, 507.0
2649, 480.0
2650, 372.0
2651, 198.0
2652, 408.0
2653, 780.0
2654, 698.0
2655, 301.0
2656, 364.0
2657, 240.0
2658, 1953.0
2660, 3043.0
2661, 1348.0
2663, 1343.0
2664, 1611.0
2665, 514.0
2666, 1876.0
2667, 900.0
2668, 215.0
2669, 505.0
2670, 712.0
2671, 420.0
2672, 540.0
2673, 240.0
2674, 828.0
2675, 780.0
2676, 1832.0
2677, 343.0
2678, 199.0
2679, 3509.0
2680, 175.0
2681, 581.0
2682, 1088.0
2683, 848.0
2684, 486.0
2685, 212.0
2686, 420.0
2687, 540.0
2688, 807.0
2689, 845.0
2690, 701.0
2691, 212.0
2692, 420.0
2693, 694.0
2694, 600.0
2695, 689.0
2696, 40000.0
2697, 462.0
2698, 360.0
2699, 240.0
2700, 633.0
2701, 1118.0
2702, 403.0
2703, 960.0
2704, 3398.0
2705, 883.0
2706, 303.0
2707, 256.0
2708, 1260.0
2709, 281.0
2710, 660.0
2711, 445.0
2712, 5370.0
2713, 338.0
2714, 420.0
2715, 543.0
2716, 185.0
2717, 1028.0
2718, 720.0
2719, 360.0
2720, 244.0
2721, 603.0
2722, 1291.0
2723, 300.0
2724, 244.0
2725, 300.0
2726, 940.0
2727, 1095.0
2728, 1354.0
2729, 194.0
2730, 511.0
2731, 463.0
2732, 240.0
2733, 2040.0
2734, 823.0
2735, 660.0
2736, 3907.0
2737, 463.0
2738, 726.0
2739, 1260.0
2740, 507.0
2741, 786.0
2742, 482.0
2743, 173.0
2744, 403.0
2745, 900.0
2746, 224.0
2747, 221.0
2748, 1089.0
2749, 613.0
2750, 120.0
2751, 1178.0
2752, 641.0
2753, 780.0
2755, 300.0
2756, 199.0
2757, 496.0
2758, 971.0
2759, 1510.0
2760, 877.0
2761, 195.0
2762, 855.0
2763, 791.0
2765, 147.0
2766, 348.0
2767, 1301.0
2768, 1200.0
2769, 568.0
2770, 351.0
2771, 1800.0
2772, 819.0
2773, 788.0
2774, 1491.0
2775, 959.0
2776, 682.0
2777, 253.0
2778, 758.0
2779, 1777.0
2780, 3775.0
2781, 475.0
2782, 3007.0
2783, 188.0
2784, 180.0
2785, 339.0
2786, 992.0
2787, 837.0
2788, 40000.0
2789, 1312.0
2790, 458.0
2791, 240.0
2792, 1229.0
2793, 780.0
2795, 1139.0
2796, 282.0
2797, 750.0
2798, 2318.0
2799, 130.0
2800, 262.0
2801, 300.0
2802, 1485.0
2803, 185.0
2804, 399.0
2805, 406.0
2806, 772.0
2807, 1161.0
2809, 398.0
2810, 438.0
2811, 299.0
2812, 307.0
2813, 480.0
2814, 1900.0
2815, 545.0
2816, 1221.0
2817, 735.0
2818, 1491.0
2819, 1336.0
2820, 2220.0
2821, 334.0
2822, 428.0
2823, 660.0
2824, 240.0
2825, 323.0
2827, 636.0
2828, 2160.0
2829, 1504.0
2830, 660.0
2831, 240.0
2832, 540.0
2833, 1211.0
2834, 1066.0
2835, 535.0
2836, 580.0
2837, 375.0
2838, 642.0
2839, 513.0
2840, 343.0
2841, 446.0
2843, 257.0
2844, 476.0
2845, 715.0
2846, 485.0
2847, 400.0
2848, 474.0
2850, 540.0
2851, 551.0
2852, 2040.0
2853, 876.0
2854, 1034.0
2855, 1058.0
2856, 685.0
2857, 240.0
2858, 1057.0
2860, 180.0
2861, 375.0
2862, 1383.0
2864, 508.0
2865, 720.0
2866, 236.0
2867, 1098.0
2868, 540.0
2869, 840.0
2870, 2274.0
2871, 778.0
2872, 240.0
2873, 960.0
2874, 1273.0
2875, 480.0
2876, 618.0
2877, 1320.0
2878, 1885.0
2879, 568.0
2881, 600.0
2882, 480.0
2883, 135.0
2884, 368.0
2885, 434.0
2886, 717.0
2887, 540.0
2888, 600.0
2889, 840.0
2890, 489.0
2891, 720.0
2892, 40000.0
2893, 1362.0
2894, 264.0
2895, 1043.0
2896, 660.0
2897, 3011.0
2898, 574.0
2899, 360.0
2900, 421.0
2901, 1181.0
2902, 460.0
2903, 301.0
2904, 840.0
2905, 945.0
2906, 1680.0
2907, 600.0
2908, 800.0
2909, 302.0
2910, 2016.0
2911, 1020.0
2912, 202.0
2913, 336.0
2914, 240.0
2915, 385.0
2916, 1745.0
2917, 600.0
2918, 596.0
2919, 597.0
2920, 660.0
2921, 664.0
2922, 704.0
2923, 231.0
2924, 574.0
2925, 283.0
2926, 120.0
2927, 890.0
2928, 840.0
2929, 319.0
2930, 235.0
2931, 259.0
2932, 639.0
2933, 360.0
2934, 1380.0
2935, 720.0
2936, 240.0
2937, 163.0
2938, 854.0
2939, 1317.0
2940, 1075.0
2941, 363.0
2942, 459.0
2943, 1200.0
2944, 1298.0
2945, 367.0
2946, 283.0
2947, 711.0
2948, 94.0
2949, 1131.0
2950, 415.0
2951, 661.0
2952, 1200.0
2953, 316.0
2954, 1139.0
2955, 480.0
2956, 564.0
2957, 1320.0
2958, 113.0
2959, 500.0
2961, 518.0
2962, 1289.0
2963, 1179.0
2965, 444.0
2966, 420.0
2967, 1487.0
2968, 959.0
2969, 480.0
2970, 1466.0
2971, 2753.0
2972, 40000.0
2973, 223.0
2974, 546.0
2975, 626.0
2977, 420.0
2978, 450.0
2979, 524.0
2980, 264.0
2981, 542.0
2982, 192.0
2983, 480.0
2984, 1164.0
2986, 193.0
2987, 300.0
2988, 1805.0
2989, 768.0
2990, 894.0
2991, 1440.0
2992, 900.0
2994, 750.0
2995, 600.0
2996, 442.0
2998, 306.0
2999, 1495.0
3000, 154.0
3001, 1272.0
3002, 660.0
3003, 1225.0
3004, 956.0
3005, 1920.0
3006, 411.0
3007, 263.0
3008, 593.0
3009, 2376.0
3011, 1148.0
3012, 173.0
3013, 487.0
3014, 480.0
3015, 180.0
3016, 1260.0
3017, 512.0
3018, 660.0
3019, 1020.0
3020, 560.0
3021, 600.0
3022, 1335.0
3023, 536.0
3024, 176.0
3025, 394.0
3026, 1242.0
3027, 426.0
3028, 480.0
3029, 780.0
3030, 1086.0
3031, 705.0
3032, 1140.0
3033, 129.0
3034, 480.0
3035, 358.0
3036, 540.0
3037, 761.0
3038, 584.0
3039, 1288.0
3040, 803.0
3041, 557.0
3042, 727.0
3043, 384.0
3044, 300.0
3045, 960.0
3046, 550.0
3047, 1088.0
3048, 2138.0
3049, 905.0
3050, 1385.0
3051, 155.0
3052, 906.0
3053, 432.0
3054, 208.0
3055, 1524.0
3056, 283.0
3057, 592.0
3058, 265.0
3059, 649.0
3060, 346.0
3061, 660.0
3062, 600.0
3063, 287.0
3064, 2007.0
3065, 303.0
3066, 546.0
3067, 480.0
3068, 639.0
3069, 1344.0
3071, 520.0
3072, 1385.0
3073, 258.0
3074, 536.0
3076, 1001.0
3077, 836.0
3078, 307.0
3079, 848.0
3080, 319.0
3081, 660.0
3082, 519.0
3083, 1740.0
3084, 300.0
3085, 1145.0
3086, 480.0
3087, 495.0
3088, 1302.0
3089, 1287.0
3090, 592.0
3091, 281.0
3092, 318.0
3093, 513.0
3094, 420.0
3095, 660.0
3096, 1022.0
3097, 1260.0
3098, 1162.0
3099, 396.0
3100, 437.0
3101, 1237.0
3102, 2908.0
3103, 2119.0
3104, 1356.0
3105, 454.0
3106, 1319.0
3107, 1860.0
3108, 1932.0
3109, 274.0
3110, 300.0
3111, 1295.0
3112, 145.0
3113, 1285.0
3114, 188.0
3115, 222.0
3116, 686.0
3117, 285.0
3118, 393.0
3119, 792.0
3120, 300.0
3121, 334.0
3122, 1500.0
3123, 371.0
3124, 970.0
3125, 360.0
3126, 2096.0
3127, 900.0
3128, 440.0
3129, 245.0
3130, 914.0
3131, 393.0
3132, 1200.0
3133, 618.0
3134, 506.0
3135, 2386.0
3136, 300.0
3137, 14.0
3138, 402.0
3139, 566.0
3140, 480.0
3141, 1189.0
3142, 122.0
3143, 420.0
3144, 612.0
3145, 221.0
3146, 1360.0
3147, 302.0
3148, 559.0
3149, 720.0
3151, 163.0
3152, 340.0
3153, 1740.0
3154, 2596.0
3155, 344.0
3156, 1740.0
3157, 693.0
3158, 641.0
3159, 300.0
3161, 649.0
3162, 771.0
3163, 480.0
3164, 539.0
3165, 1080.0
3166, 1518.0
3167, 257.0
3168, 3552.0
3169, 434.0
3170, 1512.0
3171, 710.0
3172, 491.0
3173, 536.0
3175, 344.0
3176, 780.0
3177, 480.0
3178, 540.0
3179, 480.0
3180, 1135.0
3181, 540.0
3183, 600.0
3184, 40000.0
3185, 1380.0
3186, 334.0
3187, 579.0
3188, 2296.0
3189, 711.0
3190, 300.0
3191, 579.0
3192, 900.0
3193, 225.0
3194, 900.0
3196, 300.0
3197, 356.0
3198, 480.0
3199, 300.0
3200, 137.0
3201, 881.0
3202, 513.0
3203, 2344.0
3204, 1043.0
3205, 600.0
3206, 467.0
3207, 1822.0
3208, 1382.0
3209, 477.0
3210, 297.0
3211, 360.0
3212, 532.0
3213, 779.0
3214, 1439.0
3215, 2133.0
3216, 407.0
3217, 480.0
3218, 267.0
3219, 1314.0
3220, 1080.0
3221, 540.0
3222, 208.0
3223, 989.0
3224, 180.0
3226, 1393.0
3227, 802.0
3228, 240.0
3229, 2238.0
3230, 1638.0
3231, 420.0
3232, 677.0
3233, 720.0
3234, 548.0
3235, 1440.0
3236, 1034.0
3237, 180.0
3238, 685.0
3239, 540.0
3240, 1280.0
3241, 3212.0
3242, 290.0
3243, 338.0
3244, 1060.0
3245, 420.0
3246, 357.0
3247, 600.0
3248, 540.0
3249, 1449.0
3250, 661.0
3251, 975.0
3252, 10.0
3253, 843.0
3254, 1860.0
3255, 581.0
3256, 199.0
3257, 240.0
3258, 2280.0
3259, 64.0
3260, 1115.0
3261, 317.0
3262, 384.0
3263, 336.0
3264, 360.0
3265, 40000.0
3266, 826.0
3267, 300.0
3268, 366.0
3269, 1140.0
3270, 717.0
3271, 336.0
3272, 840.0
3273, 764.0
3274, 219.0
3275, 1622.0
3276, 540.0
3277, 480.0
3279, 625.0
3280, 1680.0
3281, 509.0
3282, 1533.0
3283, 704.0
3284, 341.0
3285, 40000.0
3286, 1019.0
3287, 1555.0
3288, 526.0
3289, 317.0
3290, 900.0
3291, 488.0
3292, 797.0
3293, 720.0
3294, 480.0
3295, 660.0
3296, 540.0
3297, 179.0
3298, 355.0
3299, 540.0
3300, 722.0
3301, 785.0
3302, 567.0
3303, 540.0
3304, 167.0
3305, 303.0
3306, 780.0
3307, 1409.0
3308, 1380.0
3309, 357.0
3310, 272.0
3311, 585.0
3312, 300.0
3313, 321.0
3314, 1187.0
3315, 1488.0
3316, 675.0
3317, 607.0
3318, 240.0
3319, 1437.0
3320, 115.0
3321, 489.0
3322, 840.0
3323, 540.0
3324, 245.0
3325, 1409.0
3326, 581.0
3327, 325.0
3328, 1301.0
3329, 172.0
3330, 1131.0
3331, 1613.0
3332, 1561.0
3333, 480.0
3334, 473.0
3335, 200.0
3336, 547.0
3337, 1334.0
3338, 341.0
3339, 305.0
3340, 290.0
3341, 1674.0
3342, 2398.0
3343, 40000.0
3344, 1592.0
3345, 164.0
3346, 420.0
3347, 2192.0
3348, 300.0
3349, 650.0
3350, 180.0
3351, 403.0
3352, 300.0
3353, 420.0
3354, 215.0
3355, 424.0
3356, 3631.0
3357, 822.0
3358, 822.0
3359, 900.0
3360, 2381.0
3361, 225.0
3362, 360.0
3363, 580.0
3364, 720.0
3365, 293.0
3366, 720.0
3367, 266.0
3368, 1005.0
3369, 382.0
3370, 2362.0
3371, 240.0
3372, 249.0
3373, 180.0
3374, 360.0
3375, 1495.0
3376, 372.0
3377, 880.0
3378, 1415.0
3379, 1380.0
3380, 300.0
3381, 453.0
3382, 836.0
3383, 3148.0
3384, 488.0
3385, 360.0
3386, 660.0
3387, 1620.0
3388, 388.0
3389, 1711.0
3390, 209.0
3391, 1200.0
3392, 746.0
3393, 144.0
3394, 2412.0
3395, 423.0
3396, 2742.0
3397, 384.0
3398, 381.0
3399, 126.0
3400, 1696.0
3401, 540.0
3402, 1560.0
3403, 335.0
3404, 720.0
3405, 862.0
3406, 420.0
3407, 362.0
3408, 513.0
3409, 720.0
3410, 224.0
3411, 403.0
3412, 1740.0
3413, 222.0
3414, 903.0
3415, 931.0
3416, 836.0
3417, 1700.0
3418, 180.0
3419, 285.0
3421, 542.0
3422, 780.0
3423, 898.0
3424, 290.0
3425, 600.0
3426, 114.0
3428, 2019.0
3429, 232.0
3430, 936.0
3431, 396.0
3432, 3420.0
3433, 1924.0
3434, 2030.0
3435, 366.0
3436, 182.0
3437, 300.0
3438, 769.0
3439, 2979.0
3440, 1680.0
3441, 360.0
3442, 420.0
3443, 909.0
3444, 300.0
3445, 180.0
3446, 1566.0
3447, 1009.0
3448, 642.0
3449, 791.0
3450, 150.0
3451, 551.0
3452, 568.0
3453, 337.0
3454, 641.0
3455, 660.0
3456, 781.0
3457, 1668.0
3458, 475.0
3459, 321.0
3460, 840.0
3461, 850.0
3462, 430.0
3463, 440.0
3464, 1440.0
3465, 741.0
3466, 497.0
3467, 632.0
3468, 1091.0
3469, 1388.0
3470, 684.0
3471, 447.0
3472, 283.0
3473, 1024.0
3474, 480.0
3475, 1241.0
3476, 660.0
3477, 878.0
3478, 480.0
3479, 355.0
3480, 120.0
3481, 871.0
3483, 600.0
3484, 300.0
3485, 1997.0
3486, 300.0
3487, 1020.0
3488, 863.0
3489, 360.0
3490, 240.0
3491, 954.0
3492, 540.0
3493, 423.0
3494, 360.0
3495, 310.0
3496, 569.0
3497, 1440.0
3498, 1534.0
3499, 362.0
3500, 1500.0
3501, 449.0
3502, 610.0
3503, 763.0
3504, 1014.0
3505, 840.0
3506, 519.0
3507, 322.0
3508, 289.0
3509, 298.0
3510, 509.0
3511, 720.0
3512, 377.0
3513, 540.0
3514, 1851.0
3515, 2125.0
3516, 403.0
3517, 757.0
3518, 780.0
3519, 360.0
3520, 941.0
3522, 660.0
3523, 802.0
3524, 201.0
3525, 2591.0
3526, 209.0
3527, 1080.0
3528, 300.0
3529, 840.0
3530, 600.0
3531, 781.0
3532, 1747.0
3533, 626.0
3534, 2100.0
3535, 211.0
3536, 600.0
3537, 1268.0
3538, 503.0
3539, 188.0
3540, 1080.0
3541, 248.0
3542, 182.0
3543, 188.0
3544, 854.0
3545, 391.0
3546, 736.0
3547, 529.0
3548, 387.0
3549, 732.0
3550, 900.0
3551, 735.0
3552, 617.0
3553, 390.0
3554, 645.0
3555, 790.0
3556, 1896.0
3557, 340.0
3558, 1200.0
3559, 125.0
3561, 1260.0
3562, 827.0
3563, 1153.0
3564, 665.0
3565, 180.0
3566, 1667.0
3567, 180.0
3568, 120.0
3569, 1093.0
3570, 316.0
3571, 695.0
3572, 542.0
3573, 457.0
3574, 120.0
3575, 600.0
3576, 687.0
3577, 382.0
3579, 240.0
3580, 1213.0
3582, 657.0
3583, 1685.0
3584, 828.0
3586, 1432.0
3587, 775.0
3588, 415.0
3589, 1947.0
3590, 639.0
3591, 903.0
3592, 765.0
3593, 1344.0
3594, 871.0
3595, 1028.0
3596, 480.0
3597, 1187.0
3598, 233.0
3599, 1049.0
3601, 1149.0
3602, 310.0
3603, 497.0
3604, 319.0
3605, 600.0
3606, 557.0
3607, 981.0
3608, 420.0
3609, 627.0
3610, 360.0
3611, 360.0
3612, 1162.0
3613, 240.0
3614, 320.0
3615, 652.0
3616, 303.0
3617, 950.0
3618, 627.0
3619, 672.0
3620, 480.0
3622, 960.0
3623, 1888.0
3624, 689.0
3625, 420.0
3626, 660.0
3627, 1200.0
3628, 174.0
3629, 480.0
3631, 785.0
3632, 900.0
3633, 660.0
3634, 702.0
3635, 960.0
3636, 627.0
3637, 619.0
3638, 830.0
3639, 372.0
3640, 1036.0
3641, 720.0
3642, 576.0
3643, 4149.0
3644, 263.0
3645, 845.0
3646, 890.0
3647, 660.0
3648, 998.0
3649, 1219.0
3650, 360.0
3651, 396.0
3652, 1129.0
3653, 797.0
3654, 316.0
3655, 476.0
3656, 720.0
3657, 902.0
3659, 1189.0
3660, 40000.0
3661, 501.0
3663, 365.0
3665, 420.0
3666, 1304.0
3667, 120.0
3668, 1417.0
3669, 420.0
3670, 318.0
3671, 1617.0
3672, 40000.0
3673, 1016.0
3674, 1537.0
3675, 180.0
3676, 207.0
3677, 747.0
3678, 753.0
3679, 1740.0
3680, 495.0
3681, 1561.0
3682, 477.0
3683, 413.0
3684, 1318.0
3685, 900.0
3686, 592.0
3687, 241.0
3688, 180.0
3689, 240.0
3690, 480.0
3691, 240.0
3692, 1047.0
3693, 40000.0
3694, 666.0
3695, 300.0
3696, 1413.0
3697, 2048.0
3698, 227.0
3699, 252.0
3700, 240.0
3701, 253.0
3702, 660.0
3703, 271.0
3704, 664.0
3705, 600.0
3706, 2406.0
3707, 592.0
3708, 1153.0
3709, 40000.0
3710, 567.0
3711, 1620.0
3712, 900.0
3713, 1913.0
3714, 2138.0
3715, 525.0
3717, 487.0
3718, 267.0
3719, 1080.0
3720, 393.0
3721, 144.0
3722, 304.0
3723, 640.0
3724, 703.0
3725, 240.0
3726, 520.0
3727, 251.0
3728, 133.0
3729, 677.0
3730, 455.0
3731, 579.0
3732, 955.0
3733, 372.0
3734, 666.0
3735, 1132.0
3736, 165.0
3737, 780.0
3738, 40000.0
3739, 540.0
3740, 966.0
3741, 296.0
3742, 1579.0
3743, 660.0
3744, 1779.0
3745, 420.0
3746, 789.0
3747, 593.0
3748, 1149.0
3749, 889.0
3750, 300.0
3751, 780.0
3752, 648.0
3753, 285.0
3754, 942.0
3755, 234.0
3756, 419.0
3757, 1415.0
3758, 977.0
3759, 120.0
3760, 1274.0
3761, 650.0
3762, 115.0
3763, 786.0
3764, 171.0
3765, 1320.0
3766, 420.0
3767, 421.0
3768, 12.0
3769, 533.0
3770, 1344.0
3771, 152.0
3772, 1323.0
3773, 540.0
3774, 837.0
3775, 1380.0
3776, 600.0
3777, 2189.0
3778, 600.0
3779, 1500.0
3780, 2436.0
3781, 300.0
3782, 613.0
3783, 998.0
3784, 1740.0
3785, 780.0
3786, 1200.0
3787, 300.0
3788, 720.0
3789, 349.0
3790, 628.0
3791, 300.0
3792, 360.0
3793, 2617.0
3794, 435.0
3795, 540.0
3796, 486.0
3797, 478.0
3798, 415.0
3799, 379.0
3800, 1018.0
3801, 40000.0
3802, 520.0
3803, 159.0
3804, 644.0
3805, 2144.0
3806, 2026.0
3807, 835.0
3808, 1740.0
3809, 240.0
3810, 720.0
3811, 600.0
3812, 420.0
3813, 420.0
3814, 360.0
3815, 304.0
3816, 240.0
3817, 372.0
3818, 1729.0
3819, 107.0
3821, 463.0
3822, 877.0
3824, 573.0
3825, 40000.0
3826, 591.0
3827, 968.0
3828, 739.0
3830, 376.0
3831, 259.0
3832, 490.0
3833, 315.0
3834, 641.0
3835, 540.0
3836, 240.0
3837, 443.0
3838, 1534.0
3839, 660.0
3840, 340.0
3841, 480.0
3842, 1079.0
3843, 900.0
3844, 540.0
3845, 659.0
3846, 1113.0
3847, 233.0
3848, 1170.0
3849, 500.0
3850, 709.0
3851, 424.0
3852, 1928.0
3853, 1448.0
3854, 240.0
3855, 2460.0
3856, 600.0
3857, 1260.0
3858, 300.0
3859, 933.0
3860, 1380.0
3861, 611.0
3862, 960.0
3863, 359.0
3864, 592.0
3865, 877.0
3867, 2783.0
3868, 660.0
3869, 2115.0
3870, 380.0
3871, 534.0
3872, 547.0
3873, 540.0
3874, 626.0
3875, 348.0
3876, 117.0
3877, 538.0
3878, 307.0
3879, 1521.0
3881, 420.0
3882, 264.0
3883, 457.0
3884, 1320.0
3885, 249.0
3886, 1320.0
3887, 900.0
3888, 241.0
3889, 831.0
3890, 685.0
3891, 296.0
3892, 445.0
3893, 735.0
3894, 298.0
3895, 1299.0
3896, 889.0
3897, 300.0
3898, 780.0
3899, 479.0
3900, 360.0
3901, 720.0
3902, 275.0
3903, 813.0
3904, 549.0
3905, 790.0
3906, 2115.0
3907, 717.0
3908, 716.0
3909, 733.0
3910, 944.0
3911, 360.0
3912, 1036.0
3913, 360.0
3914, 829.0
3915, 1320.0
3916, 1625.0
3917, 226.0
3918, 240.0
3919, 415.0
3920, 351.0
3921, 923.0
3922, 227.0
3923, 746.0
3924, 801.0
3925, 240.0
3926, 600.0
3927, 1041.0
3928, 120.0
3929, 280.0
3930, 1101.0
3931, 164.0
3932, 360.0
3933, 845.0
3934, 417.0
3935, 240.0
3936, 120.0
3937, 134.0
3938, 480.0
3939, 432.0
3940, 681.0
3941, 1577.0
3942, 1341.0
3943, 240.0
3944, 474.0
3945, 23.0
3946, 607.0
3947, 1530.0
3948, 960.0
3949, 367.0
3950, 210.0
3951, 420.0
3952, 205.0
3953, 550.0
3954, 1180.0
3955, 577.0
3956, 1080.0
3957, 780.0
3958, 679.0
3959, 569.0
3960, 960.0
3961, 672.0
3962, 182.0
3963, 2300.0
3964, 328.0
3965, 847.0
3966, 540.0
3967, 448.0
3968, 1782.0
3969, 1025.0
3970, 310.0
3971, 1525.0
3972, 266.0
3973, 575.0
3974, 602.0
3975, 880.0
3976, 660.0
3977, 300.0
3978, 600.0
3979, 1787.0
3980, 1650.0
3981, 1453.0
3982, 286.0
3984, 1233.0
3985, 2707.0
3986, 480.0
3987, 358.0
3988, 960.0
3989, 480.0
3990, 240.0
3991, 639.0
3992, 300.0
3993, 1200.0
3994, 1800.0
3995, 1262.0
3996, 1080.0
3997, 600.0
3998, 360.0
3999, 1320.0
4000, 1091.0
4001, 454.0
4002, 180.0
4003, 40000.0
4004, 600.0
4005, 876.0
4006, 1009.0
4007, 472.0
4008, 410.0
4009, 3128.0
4010, 810.0
4011, 290.0
4012, 461.0
4013, 255.0
4014, 1980.0
4015, 1926.0
4016, 420.0
4017, 823.0
4018, 750.0
4019, 533.0
4020, 836.0
4021, 791.0
4022, 316.0
4023, 1038.0
4024, 307.0
4026, 540.0
4027, 1451.0
4028, 240.0
4029, 364.0
4030, 481.0
4031, 380.0
4032, 3300.0
4033, 657.0
4034, 938.0
4035, 2132.0
4036, 780.0
4037, 613.0
4038, 1634.0
4039, 503.0
4040, 263.0
4041, 280.0
4042, 2092.0
4043, 360.0
4044, 257.0
4045, 300.0
4046, 1285.0
4047, 409.0
4048, 900.0
4049, 713.0
4050, 400.0
4051, 270.0
4052, 2700.0
4053, 1561.0
4054, 602.0
4055, 882.0
4056, 1380.0
4057, 1646.0
4058, 868.0
4059, 600.0
4060, 259.0
4061, 465.0
4062, 1507.0
4063, 1053.0
4064, 666.0
4065, 950.0
4066, 300.0
4067, 548.0
4068, 780.0
4069, 362.0
4070, 830.0
4071, 861.0
4072, 969.0
4073, 1163.0
4074, 337.0
4075, 360.0
4077, 433.0
4078, 311.0
4079, 600.0
4080, 116.0
4081, 480.0
4083, 1406.0
4084, 991.0
4085, 233.0
4086, 171.0
4087, 220.0
4088, 168.0
4089, 360.0
4090, 1200.0
4091, 1380.0
4092, 540.0
4093, 180.0
4094, 1754.0
4095, 924.0
4096, 660.0
4097, 600.0
4098, 749.0
4099, 420.0
4100, 106.0
4101, 550.0
4102, 1020.0
4103, 600.0
4104, 420.0
4105, 960.0
4106, 1200.0
4107, 443.0
4108, 360.0
4109, 549.0
4110, 1298.0
4111, 3128.0
4112, 1260.0
4113, 304.0
4114, 1545.0
4115, 709.0
4116, 522.0
4117, 660.0
4118, 562.0
4119, 382.0
4120, 300.0
4121, 446.0
4122, 539.0
4123, 698.0
4124, 420.0
4125, 1708.0
4126, 1425.0
4127, 533.0
4128, 1165.0
4129, 606.0
4130, 243.0
4131, 590.0
4132, 484.0
4133, 1300.0
4134, 1069.0
4135, 187.0
4136, 470.0
4137, 333.0
4138, 1440.0
4139, 1440.0
4140, 834.0
4141, 226.0
4142, 601.0
4143, 274.0
4144, 120.0
4145, 696.0
4146, 234.0
4147, 668.0
4148, 402.0
4149, 359.0
4152, 727.0
4153, 300.0
4154, 1137.0
4155, 1405.0
4156, 479.0
4157, 540.0
4158, 401.0
4159, 1325.0
4160, 955.0
4161, 550.0
4163, 602.0
4164, 121.0
4165, 240.0
4166, 392.0
4168, 180.0
4169, 600.0
4170, 423.0
4171, 799.0
4172, 308.0
4173, 780.0
4174, 1020.0
4175, 180.0
4176, 512.0
4177, 300.0
4178, 549.0
4179, 922.0
4180, 180.0
4181, 480.0
4183, 2709.0
4184, 40000.0
4185, 360.0
4186, 240.0
4187, 227.0
4188, 247.0
4189, 1530.0
4190, 598.0
4191, 720.0
4192, 260.0
4193, 366.0
4194, 480.0
4195, 1267.0
4196, 1096.0
4197, 40000.0
4198, 981.0
4199, 507.0
4201, 240.0
4202, 200.0
4203, 665.0
4204, 1260.0
4205, 1669.0
4206, 180.0
4207, 660.0
4208, 633.0
4209, 622.0
4210, 1285.0
4211, 480.0
4212, 1119.0
4213, 494.0
4214, 746.0
4215, 303.0
4216, 360.0
4217, 3880.0
4218, 529.0
4219, 418.0
4220, 673.0
4221, 1345.0
4222, 600.0
4223, 240.0
4224, 1423.0
4225, 75.0
4226, 291.0
4228, 712.0
4229, 469.0
4230, 240.0
4231, 3956.0
4232, 667.0
4233, 816.0
4234, 480.0
4235, 720.0
4236, 1455.0
4237, 836.0
4238, 174.0
4239, 588.0
4240, 240.0
4241, 1020.0
4242, 960.0
4243, 853.0
4244, 944.0
4245, 300.0
4246, 863.0
4247, 733.0
4248, 254.0
4249, 1080.0
4250, 141.0
4251, 660.0
4252, 2206.0
4253, 480.0
4254, 994.0
4255, 1329.0
4256, 258.0
4257, 1377.0
4258, 1093.0
4259, 1905.0
4260, 1440.0
4261, 132.0
4262, 296.0
4263, 347.0
4264, 240.0
4265, 599.0
4266, 685.0
4269, 1174.0
4270, 357.0
4271, 420.0
4272, 350.0
4273, 268.0
4274, 2019.0
4275, 1951.0
4276, 1260.0
4277, 722.0
4278, 780.0
4279, 422.0
4280, 520.0
4281, 512.0
4282, 439.0
4283, 817.0
4284, 1587.0
4285, 1320.0
4286, 480.0
4287, 565.0
4288, 540.0
4289, 600.0
4290, 1257.0
4291, 454.0
4292, 40000.0
4293, 360.0
4294, 1418.0
4295, 2364.0
4296, 438.0
4297, 180.0
4298, 2182.0
4299, 1637.0
4300, 819.0
4301, 1274.0
4302, 900.0
4303, 297.0
4304, 841.0
4305, 40000.0
4306, 658.0
4307, 361.0
4308, 452.0
4309, 420.0
4310, 1534.0
4311, 180.0
4312, 1200.0
4313, 1285.0
4314, 780.0
4315, 108.0
4316, 1116.0
4317, 300.0
4318, 203.0
4319, 180.0
4320, 250.0
4321, 2837.0
4322, 420.0
4323, 110.0
4324, 489.0
4325, 1140.0
4326, 629.0
4327, 1069.0
4328, 603.0
4329, 1696.0
4330, 2013.0
4331, 1150.0
4333, 558.0
4334, 310.0
4335, 214.0
4336, 917.0
4337, 610.0
4338, 2397.0
4339, 228.0
4340, 907.0
4341, 480.0
4342, 1046.0
4343, 3454.0
4345, 1440.0
4346, 360.0
4347, 404.0
4348, 1569.0
4349, 1958.0
4350, 617.0
4351, 330.0
4352, 1618.0
4353, 1254.0
4354, 356.0
4355, 672.0
4356, 656.0
4357, 301.0
4358, 506.0
4359, 306.0
4360, 308.0
4361, 369.0
4362, 840.0
4363, 426.0
4364, 650.0
4365, 438.0
4366, 478.0
4367, 240.0
4368, 855.0
4369, 1277.0
4370, 268.0
4371, 235.0
4372, 186.0
4373, 960.0
4374, 636.0
4375, 420.0
4376, 840.0
4377, 1280.0
4378, 887.0
4379, 62.0
4381, 356.0
4382, 660.0
4383, 540.0
4384, 1466.0
4385, 1158.0
4386, 602.0
4387, 397.0
4388, 1912.0
4389, 383.0
4390, 1080.0
4391, 1260.0
4392, 764.0
4393, 1357.0
4394, 1192.0
4395, 201.0
4396, 1592.0
4397, 540.0
4398, 1403.0
4399, 600.0
4400, 1343.0
4401, 550.0
4402, 104.0
4403, 360.0
4404, 225.0
4405, 1825.0
4406, 709.0
4407, 420.0
4408, 1243.0
4409, 428.0
4410, 360.0
4411, 903.0
4412, 283.0
4413, 2978.0
4414, 625.0
4415, 533.0
4416, 639.0
4417, 992.0
4418, 240.0
4419, 2280.0
4420, 840.0
4421, 1414.0
4422, 240.0
4423, 130.0
4424, 409.0
4425, 240.0
